{
    "avg_latency": 11.028905277699232,
    "latencies": [
        11.038652904331684,
        11.088791370391846,
        11.024102959781885,
        10.995432429015636,
        10.997546724975109
    ],
    "percentiles": {
        "10": 10.996278147399426,
        "25": 10.997546724975109,
        "50": 11.024102959781885,
        "75": 11.038652904331684,
        "90": 11.06873598396778,
        "99": 11.08678583174944
    }
}