{
    "avg_latency": 8.823975735157727,
    "latencies": [
        8.724112633615732,
        9.029440384358168,
        8.856226563453674,
        8.743931852281094,
        8.766167242079973
    ],
    "percentiles": {
        "10": 8.732040321081877,
        "25": 8.743931852281094,
        "50": 8.766167242079973,
        "75": 8.856226563453674,
        "90": 8.96015485599637,
        "99": 9.022511831521989
    }
}