{
    "avg_latency": 17.92849392257631,
    "latencies": [
        17.966841204091907,
        17.90102511458099,
        17.8281993791461,
        17.84144064411521,
        18.104963270947337
    ],
    "percentiles": {
        "10": 17.833495885133743,
        "25": 17.84144064411521,
        "50": 17.90102511458099,
        "75": 17.966841204091907,
        "90": 18.049714444205165,
        "99": 18.09943838827312
    }
}