{
    "avg_latency": 20.288628401979803,
    "latencies": [
        20.304909482598305,
        20.288649422116578,
        20.289198201149702,
        20.289341791532934,
        20.271043112501502
    ],
    "percentiles": {
        "10": 20.278085636347534,
        "25": 20.288649422116578,
        "50": 20.289198201149702,
        "75": 20.289341791532934,
        "90": 20.298682406172155,
        "99": 20.30428677495569
    }
}