{
  "timestamp": "2025-11-10T20:22:28.842681",
  "model_info": {
    "model_type": "GEMM_MLP_QUANTILE",
    "operator_type": "gemm",
    "features": [
      "tensor_all_ops",
      "tensor_all_cycle",
      "tensor_sm_max_ops",
      "tensor_sm_max_cycle",
      "global_in_flight",
      "global_cycle",
      "local_cycle",
      "sm_max_in_flight",
      "sm_max_global_cycle",
      "sm_max_shared_cycle",
      "sm_max_local_cycle"
    ],
    "target": "overall_perf",
    "num_features": 11,
    "loss_function": "Quantile Loss (q=0.8)",
    "quantile": 0.8,
    "purpose": "Upper bound prediction (80th percentile)",
    "model_parameters": {
      "input_dim": 11,
      "hidden_dims": [
        256,
        128,
        64
      ],
      "dropout_rate": 0.1,
      "total_parameters": 45185
    },
    "batch_norm_position": "post_activation"
  },
  "data_info": {
    "train_samples": 494463,
    "train_path": "./dataset/gemm_train.csv",
    "validation": "No validation split - trained on full dataset",
    "train_hardware_distribution": {
      "NVIDIA H20": 97687,
      "NVIDIA H800": 97197,
      "NVIDIA A100-SXM4-80GB": 96299,
      "NVIDIA L20": 93388,
      "NVIDIA A40": 65245,
      "NVIDIA RTX 6000 Ada Generation": 44647
    }
  },
  "feature_ranges": {
    "tensor_all_ops": {
      "min": 4194304.0,
      "max": 457895187578880.0,
      "mean": 1868349672372.9224,
      "std": 10161664855276.217
    },
    "tensor_all_cycle": {
      "min": 7.757575757575758,
      "max": 5732862424.615385,
      "mean": 18195373.274154093,
      "std": 111430959.62377788
    },
    "tensor_sm_max_ops": {
      "min": 131072.0,
      "max": 5870683422720.0,
      "mean": 18979752845.226795,
      "std": 105313525431.4177
    },
    "tensor_sm_max_cycle": {
      "min": 64.0,
      "max": 5733089280.0,
      "mean": 18253089.739937335,
      "std": 111655496.97386017
    },
    "global_in_flight": {
      "min": 516.0,
      "max": 15348736.0,
      "mean": 305045.142957107,
      "std": 669967.3691564386
    },
    "global_cycle": {
      "min": 223.8587961710332,
      "max": 42651510.94322853,
      "mean": 414063.513239083,
      "std": 1167130.5478772991
    },
    "local_cycle": {
      "min": 102.1015400789222,
      "max": 10472222.222222222,
      "mean": 119977.96332521585,
      "std": 297525.42600357364
    },
    "sm_max_in_flight": {
      "min": 16.0,
      "max": 59719680.0,
      "mean": 251731.69883894245,
      "std": 1400681.3218241562
    },
    "sm_max_global_cycle": {
      "min": 1139.5599882481465,
      "max": 17378687942.028046,
      "mean": 40351420.65915376,
      "std": 283875107.0476487
    },
    "sm_max_shared_cycle": {
      "min": 128.0,
      "max": 477757440.0,
      "mean": 2013853.5907115396,
      "std": 11205450.57459325
    },
    "sm_max_local_cycle": {
      "min": 555.937491691187,
      "max": 3140145781.3522573,
      "mean": 10617791.497132678,
      "std": 65286598.233053006
    }
  },
  "preprocessing": {
    "transformation": "log1p only (no standardization)",
    "note": "This model does not use StandardScaler"
  },
  "kernel_reports": {
    "report_directory": "./mlp_models_quantile/gemm/20251110_201146/kernel_reports",
    "description": "Kernel performance analysis reports identifying underperforming kernels (actual < predicted)",
    "threshold": -0.1,
    "topk_per_hardware": 100,
    "note": "Kernels with perf_diff < -0.1 are identified as underperforming",
    "files": "See kernel_reports/ directory for CSV files"
  }
}