{
  "timestamp": "2025-10-11T14:27:15.502183",
  "model_info": {
    "model_type": "GEMM_MLP",
    "operator_type": "gemm",
    "features": [
      "tensor_all_ops",
      "tensor_all_cycle",
      "tensor_sm_max_ops",
      "tensor_sm_max_cycle",
      "global_in_flight",
      "global_cycle",
      "local_cycle",
      "sm_max_in_flight",
      "sm_max_global_cycle",
      "sm_max_shared_cycle",
      "sm_max_local_cycle",
      "tc_bf16"
    ],
    "target": "overall_perf",
    "num_features": 12,
    "model_parameters": {
      "input_dim": 12,
      "hidden_dims": [
        256,
        128,
        64
      ],
      "dropout_rate": 0.1,
      "total_parameters": 45441
    },
    "batch_norm_position": "post_activation"
  },
  "data_info": {
    "train_samples": 494463,
    "test_samples": 129600,
    "train_path": "./dataset/gemm_train.csv",
    "test_path": "./dataset/gemm_test.csv",
    "train_hardware_distribution": {
      "NVIDIA H20": 97687,
      "NVIDIA H800": 97197,
      "NVIDIA A100-SXM4-80GB": 96299,
      "NVIDIA L20": 93388,
      "NVIDIA A40": 65245,
      "NVIDIA RTX 6000 Ada Generation": 44647
    },
    "test_hardware_distribution": {
      "NVIDIA A100-SXM4-80GB": 10800,
      "NVIDIA A40": 10800,
      "NVIDIA A800-SXM4-80GB": 10800,
      "NVIDIA B200": 10800,
      "NVIDIA H100": 10800,
      "NVIDIA H20": 10800,
      "NVIDIA H200": 10800,
      "NVIDIA H800": 10800,
      "NVIDIA L20": 10800,
      "NVIDIA L40": 10800,
      "NVIDIA RTX 6000 Ada Generation": 10800,
      "NVIDIA RTX A6000": 10800
    }
  },
  "feature_ranges": {
    "tensor_all_ops": {
      "min": 4194304.0,
      "max": 457895187578880.0,
      "mean": 1868349672372.9224,
      "std": 10161664855276.217
    },
    "tensor_all_cycle": {
      "min": 7.757575757575758,
      "max": 5732862424.615385,
      "mean": 18195373.274154093,
      "std": 111430959.62377788
    },
    "tensor_sm_max_ops": {
      "min": 131072.0,
      "max": 5870683422720.0,
      "mean": 18979752845.226795,
      "std": 105313525431.4177
    },
    "tensor_sm_max_cycle": {
      "min": 64.0,
      "max": 5733089280.0,
      "mean": 18253089.739937335,
      "std": 111655496.97386017
    },
    "global_in_flight": {
      "min": 516.0,
      "max": 15348736.0,
      "mean": 305045.142957107,
      "std": 669967.3691564386
    },
    "global_cycle": {
      "min": 223.8587961710332,
      "max": 42651510.94322853,
      "mean": 414063.513239083,
      "std": 1167130.5478772991
    },
    "local_cycle": {
      "min": 102.1015400789222,
      "max": 10472222.222222222,
      "mean": 119977.96332521585,
      "std": 297525.42600357364
    },
    "sm_max_in_flight": {
      "min": 16.0,
      "max": 59719680.0,
      "mean": 251731.69883894245,
      "std": 1400681.3218241562
    },
    "sm_max_global_cycle": {
      "min": 1139.5599882481465,
      "max": 17378687942.028046,
      "mean": 40351420.65915376,
      "std": 283875107.0476487
    },
    "sm_max_shared_cycle": {
      "min": 128.0,
      "max": 477757440.0,
      "mean": 2013853.5907115396,
      "std": 11205450.57459325
    },
    "sm_max_local_cycle": {
      "min": 555.937491691187,
      "max": 3140145781.3522573,
      "mean": 10617791.497132678,
      "std": 65286598.233053006
    },
    "tc_bf16": {
      "min": 516.0,
      "max": 4096.0,
      "mean": 1731.3497026066661,
      "std": 1267.945768503444
    }
  },
  "preprocessing": {
    "transformation": "log1p only (no standardization)",
    "note": "This model does not use StandardScaler"
  },
  "evaluation_results": {
    "overall": {
      "mae": 0.03744705766439438,
      "rmse": 0.06372798132711173,
      "r2": 0.9463244676589966,
      "mean_relative_error": 0.09577065706253052,
      "median_relative_error": 0.0391654334962368,
      "accuracy_10_percent": 72.97762345679011,
      "accuracy_20_percent": 86.75925925925925,
      "accuracy_50_percent": 97.09953703703704
    },
    "by_hardware": {
      "NVIDIA A100-SXM4-80GB": {
        "test_samples": 10800,
        "mae": 0.027544496580958366,
        "rmse": 0.044624150563284476,
        "r2": 0.9608229398727417,
        "mean_relative_error": 0.055730193853378296,
        "median_relative_error": 0.03048829361796379,
        "accuracy_10_percent": 82.28703703703704,
        "accuracy_20_percent": 96.24074074074073,
        "accuracy_50_percent": 99.76851851851852
      },
      "NVIDIA A40": {
        "test_samples": 10800,
        "mae": 0.029201732948422432,
        "rmse": 0.046368628036020085,
        "r2": 0.9665944576263428,
        "mean_relative_error": 0.06644129008054733,
        "median_relative_error": 0.035368263721466064,
        "accuracy_10_percent": 83.71296296296296,
        "accuracy_20_percent": 93.8425925925926,
        "accuracy_50_percent": 98.87962962962963
      },
      "NVIDIA A800-SXM4-80GB": {
        "test_samples": 10800,
        "mae": 0.020468490198254585,
        "rmse": 0.03009247627123954,
        "r2": 0.9812740087509155,
        "mean_relative_error": 0.04757225885987282,
        "median_relative_error": 0.027620578184723854,
        "accuracy_10_percent": 87.41666666666667,
        "accuracy_20_percent": 97.12962962962963,
        "accuracy_50_percent": 99.68518518518519
      },
      "NVIDIA B200": {
        "test_samples": 10800,
        "mae": 0.05422132834792137,
        "rmse": 0.06938769530970822,
        "r2": 0.9347613453865051,
        "mean_relative_error": 0.3206101655960083,
        "median_relative_error": 0.15258456766605377,
        "accuracy_10_percent": 40.62962962962963,
        "accuracy_20_percent": 55.97222222222222,
        "accuracy_50_percent": 75.30555555555556
      },
      "NVIDIA H100": {
        "test_samples": 10800,
        "mae": 0.024961892515420914,
        "rmse": 0.040710699432381925,
        "r2": 0.9811148643493652,
        "mean_relative_error": 0.07203464955091476,
        "median_relative_error": 0.037861526012420654,
        "accuracy_10_percent": 76.96296296296296,
        "accuracy_20_percent": 92.1574074074074,
        "accuracy_50_percent": 99.25
      },
      "NVIDIA H20": {
        "test_samples": 10800,
        "mae": 0.0155825549736619,
        "rmse": 0.02865663554156874,
        "r2": 0.9821112751960754,
        "mean_relative_error": 0.02804034762084484,
        "median_relative_error": 0.008755587041378021,
        "accuracy_10_percent": 92.64814814814815,
        "accuracy_20_percent": 97.6574074074074,
        "accuracy_50_percent": 99.82407407407408
      },
      "NVIDIA H200": {
        "test_samples": 10800,
        "mae": 0.027181684970855713,
        "rmse": 0.042501775835080385,
        "r2": 0.9786609411239624,
        "mean_relative_error": 0.09156767278909683,
        "median_relative_error": 0.04328995570540428,
        "accuracy_10_percent": 72.11111111111111,
        "accuracy_20_percent": 86.8425925925926,
        "accuracy_50_percent": 97.74074074074073
      },
      "NVIDIA H800": {
        "test_samples": 10800,
        "mae": 0.022235427051782608,
        "rmse": 0.03769534288909161,
        "r2": 0.9832826852798462,
        "mean_relative_error": 0.06123526021838188,
        "median_relative_error": 0.030780717730522156,
        "accuracy_10_percent": 81.95370370370371,
        "accuracy_20_percent": 94.2037037037037,
        "accuracy_50_percent": 99.22222222222223
      },
      "NVIDIA L20": {
        "test_samples": 10800,
        "mae": 0.016718722879886627,
        "rmse": 0.025256063995317133,
        "r2": 0.9882800579071045,
        "mean_relative_error": 0.029373154044151306,
        "median_relative_error": 0.013493970036506653,
        "accuracy_10_percent": 93.50925925925925,
        "accuracy_20_percent": 98.57407407407408,
        "accuracy_50_percent": 99.87037037037037
      },
      "NVIDIA L40": {
        "test_samples": 10800,
        "mae": 0.13665731251239777,
        "rmse": 0.16500880172763127,
        "r2": 0.49463415145874023,